Metric,Algo,Img_1
mae,numpy,15.4027
mdae,numpy,13.0000
mse,numpy,373.7158
mse,skimage,373.7158
mse,metrikz,373.7158
mse,sewar,373.7158
nrmse,skimage,0.1301
rmse,numpy,19.3317
rmse,metrikz,19.3317
rmse,sewar,19.3317
rmse,image-similarity-measures,0.0047
snr,numpy,17.7146
snr,metrikz,17.7146
psnr,numpy,22.4054
psnr,skimage,22.4054
psnr,metrikz,22.4054
psnr,sewar,22.4054
psnr,image-similarity-measures,46.5197
psnrb,sewar,22.4054
wsnr,metrikz,30.3574
ssim,skimage,0.3671
ssim,metrikz,0.3562
ssim,sewar,0.4042
ssim,image-similarity-measures,0.9755
ssim,ssim_1,0.3577
ssim,ssim_2,0.3775
ssim,ssim_3,0.9880
ssim,ssim_4,0.3778
msssim,sewar,0.7939
msssim,msssim_1,0.7953
msssim,msssim_2,1.9627
cw_ssim,cw_ssim_1,0.7800
ncc,numpy,0.9665
ncc,scipy,0.9665
ndp,numpy,0.9916
ndp,scipy_1,0.9916
ndp,scipy_2,0.9916
ndp,sklearn,0.9916
nmi,skimage,1.1492
scc,sewar,0.2543
uqi,metrikz,0.2891
uqi,sewar,0.9241
uqi,image-similarity-measures,0.2901
fsim,image-similarity-measures,0.5368
gmsd,numpy,0.2272
gmsd,IQA_pytorch,0.1811
issm,image-similarity-measures,0.0000
nlpd,IQA_pytorch,0.4344
pamse,numpy,48.4084
reco,polar_impl,0.8625
vif,sewar,0.2426
vif,metrikz,0.2547
vif,mscale_impl,0.8298
vif,wavelet_impl,0.3800
ergas,sewar,3.7447
rase,sewar,2272.5451
sam,image-similarity-measures,83.1995
sre,image-similarity-measures,56.4459
brisque,image-quality,
brisque,libsvm_impl,
brisque,sklearn_impl,
brisque,brisque,
niqe,eadcat_impl,12.4611
piqe,eadcat_impl,26.4730
entropy,skimage,7.7007
entropy,entropy_1,7.7007
entropy,scipy,7.7007
fmeasure,ACMO,65.2133
fmeasure,BREN,1150.2361
fmeasure,CONT,194.1170
fmeasure,CURV,171.1164
fmeasure,DCTE,0.2251
fmeasure,DCTR,0.0469
fmeasure,GDER,226.9587
fmeasure,GLLV,1379526.0915
fmeasure,GLVA,75.2212
fmeasure,GLVN,43.8812
fmeasure,GRAE,1966.0134
fmeasure,GRAS,977.7077
fmeasure,GRAT,33.3923
fmeasure,HELM,1.5006
fmeasure,HISR,255.0000
fmeasure,LAPD,139.7778
fmeasure,LAPE,5684.1616
fmeasure,LAPM,80.5474
fmeasure,LAPV,5684.1601
fmeasure,SFIL,590815972519925888.0000
fmeasure,SFRQ,36.9257
fmeasure,TENG,18673.9408
fmeasure,TENV,1873055076.0366
fmeasure,VOLA,101.1239
fmeasure,WAVR,7.4765
fmeasure,WAVS,49.6011
fmeasure,WAVV,1337.3250
sharpness,tenengrad,30268096.0000
sharpness,laplacian,8571.7246
sharpness,sobel,19.0018
sharpness,lpc_si,0.9781
sharpness,sharpness_index,22.6990
sharpness,psi,6.6880
sharpness,s3,0.6967
sharpness,mtf,96.0000
sharpness,cpbd,0.8735
sharpness,sharpness_1,0.8735
